SET FOREIGN_KEY_CHECKS = 0;
TRUNCATE TABLE transactions;
TRUNCATE TABLE bills;
TRUNCATE TABLE accounts;
TRUNCATE TABLE users;
SET FOREIGN_KEY_CHECKS = 1;

-- User (password is "password123" BCrypt encoded)
INSERT INTO users (id, created_at, updated_at, email, password, role) VALUES
    (UNHEX(REPLACE('a1b2c3d4-0000-0000-0000-000000000001', '-', '')), NOW(), NOW(),
      'codey@fatcat.com',
     '$2a$10$rDwAw4naUSG3bdIKnwkHCu/siv2U3JXChkhR02UEcCwBUGNUrytPC',
     'ADMIN');

-- Accounts
INSERT INTO accounts (id, created_at, updated_at, user_id, name, account_type, balance) VALUES
                                                                                            (UNHEX(REPLACE('a1b2c3d4-0000-0000-0000-000000000002', '-', '')), NOW(), NOW(), UNHEX(REPLACE('a1b2c3d4-0000-0000-0000-000000000001', '-', '')), 'Chase Checking', 'CHECKING', 3240.50),
                                                                                            (UNHEX(REPLACE('a1b2c3d4-0000-0000-0000-000000000003', '-', '')), NOW(), NOW(), UNHEX(REPLACE('a1b2c3d4-0000-0000-0000-000000000001', '-', '')), 'Marcus Savings', 'SAVINGS', 12500.00),
                                                                                            (UNHEX(REPLACE('a1b2c3d4-0000-0000-0000-000000000004', '-', '')), NOW(), NOW(), UNHEX(REPLACE('a1b2c3d4-0000-0000-0000-000000000001', '-', '')), 'Chase Sapphire', 'CREDIT_CARD', 847.32);

-- Bills
INSERT INTO bills (id, created_at, updated_at, user_id, name, description, amount, due_date, last_paid_date, status, is_recurring, frequency) VALUES
                                                                                                                                                  (UNHEX(REPLACE('a1b2c3d4-0000-0000-0000-000000000010', '-', '')), NOW(), NOW(), UNHEX(REPLACE('a1b2c3d4-0000-0000-0000-000000000001', '-', '')), 'Rent', 'Monthly rent', 1450.00, '2026-04-01', NULL, 'UNPAID', true, 'MONTHLY'),
                                                                                                                                                  (UNHEX(REPLACE('a1b2c3d4-0000-0000-0000-000000000011', '-', '')), NOW(), NOW(), UNHEX(REPLACE('a1b2c3d4-0000-0000-0000-000000000001', '-', '')), 'Electric', 'Xcel Energy', 94.00, '2026-04-05', NULL, 'UNPAID', true, 'MONTHLY'),
                                                                                                                                                  (UNHEX(REPLACE('a1b2c3d4-0000-0000-0000-000000000012', '-', '')), NOW(), NOW(), UNHEX(REPLACE('a1b2c3d4-0000-0000-0000-000000000001', '-', '')), 'Internet', 'Xfinity 400mbps', 65.00, '2026-03-28', NULL, 'OVERDUE', true, 'MONTHLY'),
                                                                                                                                                  (UNHEX(REPLACE('a1b2c3d4-0000-0000-0000-000000000013', '-', '')), NOW(), NOW(), UNHEX(REPLACE('a1b2c3d4-0000-0000-0000-000000000001', '-', '')), 'Spotify', NULL, 11.99, '2026-04-10', '2026-03-10', 'PAID', true, 'MONTHLY'),
                                                                                                                                                  (UNHEX(REPLACE('a1b2c3d4-0000-0000-0000-000000000014', '-', '')), NOW(), NOW(), UNHEX(REPLACE('a1b2c3d4-0000-0000-0000-000000000001', '-', '')), 'Car Insurance', 'Progressive', 142.00, '2026-03-20', NULL, 'OVERDUE', true, 'MONTHLY'),
                                                                                                                                                  (UNHEX(REPLACE('a1b2c3d4-0000-0000-0000-000000000015', '-', '')), NOW(), NOW(), UNHEX(REPLACE('a1b2c3d4-0000-0000-0000-000000000001', '-', '')), 'Netflix', NULL, 15.99, '2026-04-15', '2026-03-15', 'PAID', true, 'MONTHLY'),
                                                                                                                                                  (UNHEX(REPLACE('a1b2c3d4-0000-0000-0000-000000000016', '-', '')), NOW(), NOW(), UNHEX(REPLACE('a1b2c3d4-0000-0000-0000-000000000001', '-', '')), 'Gym', 'Planet Fitness', 25.00, '2026-04-08', NULL, 'UNPAID', true, 'MONTHLY');

-- Transactions
INSERT INTO transactions (id, created_at, updated_at, account_id, date, amount, merchant, category, is_reimbursable, transaction_type) VALUES
                                                                                                                                           (UNHEX(REPLACE('a1b2c3d4-0000-0000-0000-000000000020', '-', '')), NOW(), NOW(), UNHEX(REPLACE('a1b2c3d4-0000-0000-0000-000000000002', '-', '')), '2026-03-28', 62.14, 'King Soopers', 'GROCERIES', false, 'WITHDRAWAL'),
                                                                                                                                           (UNHEX(REPLACE('a1b2c3d4-0000-0000-0000-000000000021', '-', '')), NOW(), NOW(), UNHEX(REPLACE('a1b2c3d4-0000-0000-0000-000000000002', '-', '')), '2026-03-27', 14.89, 'Chipotle', 'DINING_OUT', false, 'WITHDRAWAL'),
                                                                                                                                           (UNHEX(REPLACE('a1b2c3d4-0000-0000-0000-000000000022', '-', '')), NOW(), NOW(), UNHEX(REPLACE('a1b2c3d4-0000-0000-0000-000000000002', '-', '')), '2026-03-26', 45.00, 'Shell', 'TRANSPORTATION', false, 'WITHDRAWAL'),
                                                                                                                                           (UNHEX(REPLACE('a1b2c3d4-0000-0000-0000-000000000023', '-', '')), NOW(), NOW(), UNHEX(REPLACE('a1b2c3d4-0000-0000-0000-000000000002', '-', '')), '2026-03-25', 3200.00, 'Employer Direct Deposit', 'MISCELLANEOUS', false, 'DEPOSIT'),
                                                                                                                                           (UNHEX(REPLACE('a1b2c3d4-0000-0000-0000-000000000024', '-', '')), NOW(), NOW(), UNHEX(REPLACE('a1b2c3d4-0000-0000-0000-000000000002', '-', '')), '2026-03-24', 9.99, 'Steam', 'ENTERTAINMENT', false, 'WITHDRAWAL'),
                                                                                                                                           (UNHEX(REPLACE('a1b2c3d4-0000-0000-0000-000000000025', '-', '')), NOW(), NOW(), UNHEX(REPLACE('a1b2c3d4-0000-0000-0000-000000000002', '-', '')), '2026-03-23', 78.32, 'Walmart', 'GROCERIES', false, 'WITHDRAWAL'),
                                                                                                                                           (UNHEX(REPLACE('a1b2c3d4-0000-0000-0000-000000000026', '-', '')), NOW(), NOW(), UNHEX(REPLACE('a1b2c3d4-0000-0000-0000-000000000002', '-', '')), '2026-03-22', 24.50, 'Chick-fil-A', 'DINING_OUT', false, 'WITHDRAWAL'),
                                                                                                                                           (UNHEX(REPLACE('a1b2c3d4-0000-0000-0000-000000000027', '-', '')), NOW(), NOW(), UNHEX(REPLACE('a1b2c3d4-0000-0000-0000-000000000002', '-', '')), '2026-03-21', 65.00, 'Xfinity', 'BILLS_AND_SUBSCRIPTIONS', false, 'WITHDRAWAL'),
                                                                                                                                           (UNHEX(REPLACE('a1b2c3d4-0000-0000-0000-000000000028', '-', '')), NOW(), NOW(), UNHEX(REPLACE('a1b2c3d4-0000-0000-0000-000000000002', '-', '')), '2026-03-20', 38.00, 'Target', 'MISCELLANEOUS', false, 'WITHDRAWAL'),
                                                                                                                                           (UNHEX(REPLACE('a1b2c3d4-0000-0000-0000-000000000029', '-', '')), NOW(), NOW(), UNHEX(REPLACE('a1b2c3d4-0000-0000-0000-000000000002', '-', '')), '2026-03-18', 12.99, 'Taco Bell', 'DINING_OUT', false, 'WITHDRAWAL'),
                                                                                                                                           (UNHEX(REPLACE('a1b2c3d4-0000-0000-0000-000000000030', '-', '')), NOW(), NOW(), UNHEX(REPLACE('a1b2c3d4-0000-0000-0000-000000000004', '-', '')), '2026-03-27', 124.99, 'Amazon', 'MISCELLANEOUS', false, 'WITHDRAWAL'),
                                                                                                                                           (UNHEX(REPLACE('a1b2c3d4-0000-0000-0000-000000000031', '-', '')), NOW(), NOW(), UNHEX(REPLACE('a1b2c3d4-0000-0000-0000-000000000004', '-', '')), '2026-03-25', 58.40, 'Whole Foods', 'GROCERIES', false, 'WITHDRAWAL');